{"errors":[],"warnings":[],"namedChunkGroups":{"polyfill":{"chunks":[0,7],"assets":["webpack-runtime-08c90e2c8900c37df131.js","webpack-runtime-08c90e2c8900c37df131.js.map","polyfill-d838bf258599ed4db329.js","polyfill-d838bf258599ed4db329.js.map"],"children":{},"childAssets":{}},"app":{"chunks":[0,6,1],"assets":["webpack-runtime-08c90e2c8900c37df131.js","webpack-runtime-08c90e2c8900c37df131.js.map","framework-d066f55745d479a55fde.js","framework-d066f55745d479a55fde.js.map","app-933aa8620697e9bbaa58.js","app-933aa8620697e9bbaa58.js.map"],"children":{},"childAssets":{}},"component---cache-caches-gatsby-plugin-offline-app-shell-js":{"chunks":[4],"assets":["component---cache-caches-gatsby-plugin-offline-app-shell-js-b0556ce5127c1a3e2490.js","component---cache-caches-gatsby-plugin-offline-app-shell-js-b0556ce5127c1a3e2490.js.map"],"children":{},"childAssets":{}},"component---src-pages-index-js":{"chunks":[8,3,5],"assets":["styles.89e4848987029cab0ed3.css","styles-8fab2804fb6f85b824b6.js","styles-8fab2804fb6f85b824b6.js.map","cb1608f2-84403a05c927d708f516.js","cb1608f2-84403a05c927d708f516.js.map","component---src-pages-index-js-b00d3194adb61a16b0a4.js","component---src-pages-index-js-b00d3194adb61a16b0a4.js.map"],"children":{},"childAssets":{}}},"assetsByChunkName":{"polyfill":["webpack-runtime-08c90e2c8900c37df131.js","polyfill-d838bf258599ed4db329.js"],"app":["webpack-runtime-08c90e2c8900c37df131.js","framework-d066f55745d479a55fde.js","app-933aa8620697e9bbaa58.js"],"component---cache-caches-gatsby-plugin-offline-app-shell-js":["component---cache-caches-gatsby-plugin-offline-app-shell-js-b0556ce5127c1a3e2490.js"],"component---src-pages-index-js":["styles.89e4848987029cab0ed3.css","styles-8fab2804fb6f85b824b6.js","cb1608f2-84403a05c927d708f516.js","component---src-pages-index-js-b00d3194adb61a16b0a4.js"]}}